url,recommendation,reason,approval_status
https://everlasting-goods.com/articles/best-thermal-shock-resistant-glass-drink-dispensers-that-hold-up,quarantine_now_rebuild_or_delete_after_traffic_review,legacy prose lacks claim-level evidence mapping,specific deletion not yet approved
https://everlasting-goods.com/articles/best-reclining-couches-that-actually-last,quarantine_now_rebuild_or_delete_after_traffic_review,legacy prose lacks claim-level evidence mapping,specific deletion not yet approved
https://everlasting-goods.com/articles/best-watches-to-mark-a-major-milestone,quarantine_now_rebuild_or_delete_after_traffic_review,legacy prose lacks claim-level evidence mapping,specific deletion not yet approved
https://everlasting-goods.com/articles/best-buy-it-for-life-japan-picks,quarantine_now_rebuild_or_delete_after_traffic_review,legacy prose lacks claim-level evidence mapping,specific deletion not yet approved
https://everlasting-goods.com/articles/best-e-readers-that-actually-last,quarantine_now_rebuild_or_delete_after_traffic_review,legacy prose lacks claim-level evidence mapping,specific deletion not yet approved
https://everlasting-goods.com/articles/best-peelers-that-last-for-years,quarantine_now_rebuild_or_delete_after_traffic_review,legacy prose lacks claim-level evidence mapping,specific deletion not yet approved
https://everlasting-goods.com/articles/best-bifl-gifts-for-children-that-last,quarantine_now_rebuild_or_delete_after_traffic_review,legacy prose lacks claim-level evidence mapping,specific deletion not yet approved
https://everlasting-goods.com/articles/best-estwing-hammers-that-last-a-lifetime,quarantine_now_rebuild_or_delete_after_traffic_review,legacy prose lacks claim-level evidence mapping,specific deletion not yet approved
https://everlasting-goods.com/articles/best-faucet-brands-that-actually-last,quarantine_now_rebuild_or_delete_after_traffic_review,legacy prose lacks claim-level evidence mapping,specific deletion not yet approved
https://everlasting-goods.com/articles/best-cast-iron-skillets-that-last-forever,quarantine_now_rebuild_or_delete_after_traffic_review,legacy prose lacks claim-level evidence mapping,specific deletion not yet approved
https://everlasting-goods.com/articles/best-buy-it-for-life-backpacks,quarantine_now_rebuild_or_delete_after_traffic_review,legacy prose lacks claim-level evidence mapping,specific deletion not yet approved
https://everlasting-goods.com/articles/best-kitchen-knives-that-last-a-lifetime,quarantine_now_rebuild_or_delete_after_traffic_review,legacy prose lacks claim-level evidence mapping,specific deletion not yet approved
https://everlasting-goods.com/articles/best-leather-boots-that-last-20-years,quarantine_now_rebuild_or_delete_after_traffic_review,legacy prose lacks claim-level evidence mapping,specific deletion not yet approved
https://everlasting-goods.com/articles/best-edc-flashlights-that-last-forever,quarantine_now_rebuild_or_delete_after_traffic_review,legacy prose lacks claim-level evidence mapping,specific deletion not yet approved
https://everlasting-goods.com/articles/best-dutch-ovens-that-last-forever,quarantine_now_rebuild_or_delete_after_traffic_review,legacy prose lacks claim-level evidence mapping,specific deletion not yet approved
https://everlasting-goods.com/articles/best-mechanical-watches-that-last-a-lifetime,quarantine_now_rebuild_or_delete_after_traffic_review,legacy prose lacks claim-level evidence mapping,specific deletion not yet approved
https://everlasting-goods.com/articles/best-woodworking-hand-tools-that-last-forever,quarantine_now_rebuild_or_delete_after_traffic_review,legacy prose lacks claim-level evidence mapping,specific deletion not yet approved
https://everlasting-goods.com/articles/best-lodge-cast-iron-pieces-the-complete-collection-guide,quarantine_now_rebuild_or_delete_after_traffic_review,legacy prose lacks claim-level evidence mapping,specific deletion not yet approved
https://everlasting-goods.com/articles/best-bifl-wallets-for-men-leather-wallets-that-age-beautifully,quarantine_now_rebuild_or_delete_after_traffic_review,legacy prose lacks claim-level evidence mapping,specific deletion not yet approved
https://everlasting-goods.com/articles/best-buy-it-for-life-rain-jackets,quarantine_now_rebuild_or_delete_after_traffic_review,legacy prose lacks claim-level evidence mapping,specific deletion not yet approved
https://everlasting-goods.com/articles/best-stainless-steel-water-bottles-that-last-forever,quarantine_now_rebuild_or_delete_after_traffic_review,legacy prose lacks claim-level evidence mapping,specific deletion not yet approved
https://everlasting-goods.com/articles/best-buy-it-for-life-gifts-under-50-quality-picks-that-last,quarantine_now_rebuild_or_delete_after_traffic_review,legacy prose lacks claim-level evidence mapping,specific deletion not yet approved
https://everlasting-goods.com/articles/best-red-wing-boots-a-complete-buyer-s-guide,quarantine_now_rebuild_or_delete_after_traffic_review,legacy prose lacks claim-level evidence mapping,specific deletion not yet approved
https://everlasting-goods.com/articles/best-buy-it-for-life-chef-s-knives-professional-picks,quarantine_now_rebuild_or_delete_after_traffic_review,legacy prose lacks claim-level evidence mapping,specific deletion not yet approved
https://everlasting-goods.com/articles/best-buy-it-for-life-bifl-everyday-carry-pens-pens-that-last-a-lifetime,quarantine_now_rebuild_or_delete_after_traffic_review,legacy prose lacks claim-level evidence mapping,specific deletion not yet approved
https://everlasting-goods.com/articles/best-safety-razors-that-last-a-lifetime,quarantine_now_rebuild_or_delete_after_traffic_review,legacy prose lacks claim-level evidence mapping,specific deletion not yet approved
https://everlasting-goods.com/articles/best-stand-mixers-that-last-20-years,quarantine_now_rebuild_or_delete_after_traffic_review,legacy prose lacks claim-level evidence mapping,specific deletion not yet approved
https://everlasting-goods.com/articles/best-buy-it-for-life-denim-jeans,quarantine_now_rebuild_or_delete_after_traffic_review,legacy prose lacks claim-level evidence mapping,specific deletion not yet approved
https://everlasting-goods.com/articles/best-leather-belts-that-last-a-lifetime,quarantine_now_rebuild_or_delete_after_traffic_review,legacy prose lacks claim-level evidence mapping,specific deletion not yet approved
https://everlasting-goods.com/articles/best-bifl-wool-blankets-and-throws,quarantine_now_rebuild_or_delete_after_traffic_review,legacy prose lacks claim-level evidence mapping,specific deletion not yet approved
https://everlasting-goods.com/articles/best-bifl-pocket-knives-for-everyday-carry,quarantine_now_rebuild_or_delete_after_traffic_review,legacy prose lacks claim-level evidence mapping,specific deletion not yet approved
https://everlasting-goods.com/articles/best-merino-wool-base-layers-that-last,quarantine_now_rebuild_or_delete_after_traffic_review,legacy prose lacks claim-level evidence mapping,specific deletion not yet approved
https://everlasting-goods.com/articles/best-bifl-garden-tools-that-last-decades,quarantine_now_rebuild_or_delete_after_traffic_review,legacy prose lacks claim-level evidence mapping,specific deletion not yet approved
https://everlasting-goods.com/articles/best-darn-tough-socks-the-only-socks-with-a-lifetime-guarantee,quarantine_now_rebuild_or_delete_after_traffic_review,legacy prose lacks claim-level evidence mapping,specific deletion not yet approved
https://everlasting-goods.com/articles/best-buy-it-for-life-umbrellas,quarantine_now_rebuild_or_delete_after_traffic_review,legacy prose lacks claim-level evidence mapping,specific deletion not yet approved
https://everlasting-goods.com/articles/best-unsexy-quality-of-life-upgrades-that-are-worth-every-penny,quarantine_now_rebuild_or_delete_after_traffic_review,legacy prose lacks claim-level evidence mapping,specific deletion not yet approved
https://everlasting-goods.com/articles/best-milestone-watches-for-life-events,quarantine_now_rebuild_or_delete_after_traffic_review,legacy prose lacks claim-level evidence mapping,specific deletion not yet approved
https://everlasting-goods.com/articles/best-office-chairs-that-actually-last,quarantine_now_rebuild_or_delete_after_traffic_review,legacy prose lacks claim-level evidence mapping,specific deletion not yet approved
https://everlasting-goods.com/articles/best-vacuum-cleaners-that-last-20-years,quarantine_now_rebuild_or_delete_after_traffic_review,legacy prose lacks claim-level evidence mapping,specific deletion not yet approved
https://everlasting-goods.com/articles/best-buy-it-for-life-coffee-grinders,quarantine_now_rebuild_or_delete_after_traffic_review,legacy prose lacks claim-level evidence mapping,specific deletion not yet approved
https://everlasting-goods.com/articles/best-dive-watches-that-last-a-lifetime,quarantine_now_rebuild_or_delete_after_traffic_review,legacy prose lacks claim-level evidence mapping,specific deletion not yet approved
https://everlasting-goods.com/articles/best-bifl-food-storage-containers,quarantine_now_rebuild_or_delete_after_traffic_review,legacy prose lacks claim-level evidence mapping,specific deletion not yet approved
https://everlasting-goods.com/articles/best-bifl-tool-sets-for-home-repair,quarantine_now_rebuild_or_delete_after_traffic_review,legacy prose lacks claim-level evidence mapping,specific deletion not yet approved
https://everlasting-goods.com/articles/best-bifl-travel-luggage-and-suitcases,quarantine_now_rebuild_or_delete_after_traffic_review,legacy prose lacks claim-level evidence mapping,specific deletion not yet approved
https://everlasting-goods.com/articles/best-bifl-watches-under-500,quarantine_now_rebuild_or_delete_after_traffic_review,legacy prose lacks claim-level evidence mapping,specific deletion not yet approved
https://everlasting-goods.com/articles/best-stainless-steel-pots-that-last-forever,quarantine_now_rebuild_or_delete_after_traffic_review,legacy prose lacks claim-level evidence mapping,specific deletion not yet approved
https://everlasting-goods.com/articles/best-bifl-sandals-that-actually-last,quarantine_now_rebuild_or_delete_after_traffic_review,legacy prose lacks claim-level evidence mapping,specific deletion not yet approved
https://everlasting-goods.com/articles/best-toasters-that-last-a-lifetime,quarantine_now_rebuild_or_delete_after_traffic_review,legacy prose lacks claim-level evidence mapping,specific deletion not yet approved
https://everlasting-goods.com/articles/best-buy-it-for-life-alarm-clocks,quarantine_now_rebuild_or_delete_after_traffic_review,legacy prose lacks claim-level evidence mapping,specific deletion not yet approved
https://everlasting-goods.com/articles/best-buy-it-for-life-aprons-for-cooking-and-shop-work,quarantine_now_rebuild_or_delete_after_traffic_review,legacy prose lacks claim-level evidence mapping,specific deletion not yet approved
https://everlasting-goods.com/articles/best-buy-it-for-life-cast-iron-dutch-ovens,quarantine_now_rebuild_or_delete_after_traffic_review,legacy prose lacks claim-level evidence mapping,specific deletion not yet approved
https://everlasting-goods.com/articles/best-buy-it-for-life-bath-towels,quarantine_now_rebuild_or_delete_after_traffic_review,legacy prose lacks claim-level evidence mapping,specific deletion not yet approved
https://everlasting-goods.com/articles/best-buy-it-for-life-desk-lamps,quarantine_now_rebuild_or_delete_after_traffic_review,legacy prose lacks claim-level evidence mapping,specific deletion not yet approved
https://everlasting-goods.com/articles/best-buy-it-for-life-duffel-bags,quarantine_now_rebuild_or_delete_after_traffic_review,legacy prose lacks claim-level evidence mapping,specific deletion not yet approved
